n_orders,capacity,routing,method,improvement_pct
40,30,s_shape,ls,0.3
40,30,s_shape,ils1,3.1
40,30,s_shape,ils2,2.8
40,30,s_shape,ts,2.3
40,30,s_shape,abhc,3.8
40,45,s_shape,ls,1.1
40,45,s_shape,ils1,4.5
40,45,s_shape,ils2,4.3
40,45,s_shape,ts,5.3
40,45,s_shape,abhc,5.3
40,60,s_shape,ls,1.9
40,60,s_shape,ils1,5.1
40,60,s_shape,ils2,5.0
40,60,s_shape,ts,6.2
40,60,s_shape,abhc,6.2
40,75,s_shape,ls,1.2
40,75,s_shape,ils1,5.0
40,75,s_shape,ils2,5.2
40,75,s_shape,ts,5.6
40,75,s_shape,abhc,5.8
60,30,s_shape,ls,0.3
60,30,s_shape,ils1,3.4
60,30,s_shape,ils2,3.5
60,30,s_shape,ts,2.8
60,30,s_shape,abhc,4.3
60,45,s_shape,ls,0.6
60,45,s_shape,ils1,2.7
60,45,s_shape,ils2,3.0
60,45,s_shape,ts,4.0
60,45,s_shape,abhc,4.4
60,60,s_shape,ls,0.8
60,60,s_shape,ils1,2.9
60,60,s_shape,ils2,3.4
60,60,s_shape,ts,4.6
60,60,s_shape,abhc,4.8
60,75,s_shape,ls,1.2
60,75,s_shape,ils1,3.5
60,75,s_shape,ils2,4.0
60,75,s_shape,ts,5.2
60,75,s_shape,abhc,5.4
80,30,s_shape,ls,0.2
80,30,s_shape,ils1,2.9
80,30,s_shape,ils2,3.0
80,30,s_shape,ts,2.4
80,30,s_shape,abhc,3.7
80,45,s_shape,ls,0.6
80,45,s_shape,ils1,2.3
80,45,s_shape,ils2,2.4
80,45,s_shape,ts,3.9
80,45,s_shape,abhc,4.2
80,60,s_shape,ls,0.7
80,60,s_shape,ils1,2.1
80,60,s_shape,ils2,2.4
80,60,s_shape,ts,4.0
80,60,s_shape,abhc,4.2
80,75,s_shape,ls,1.1
80,75,s_shape,ils1,2.5
80,75,s_shape,ils2,3.0
80,75,s_shape,ts,4.5
80,75,s_shape,abhc,4.5
100,30,s_shape,ls,0.2
100,30,s_shape,ils1,3.0
100,30,s_shape,ils2,3.4
100,30,s_shape,ts,3.1
100,30,s_shape,abhc,4.2
100,45,s_shape,ls,0.4
100,45,s_shape,ils1,2.2
100,45,s_shape,ils2,2.3
100,45,s_shape,ts,4.0
100,45,s_shape,abhc,4.4
100,60,s_shape,ls,0.6
100,60,s_shape,ils1,1.2
100,60,s_shape,ils2,1.6
100,60,s_shape,ts,3.3
100,60,s_shape,abhc,3.7
100,75,s_shape,ls,0.7
100,75,s_shape,ils1,1.2
100,75,s_shape,ils2,2.4
100,75,s_shape,ts,4.1
100,75,s_shape,abhc,4.2
40,30,largest_gap,ls,0.3
40,30,largest_gap,ils1,2.9
40,30,largest_gap,ils2,2.4
40,30,largest_gap,ts,1.1
40,30,largest_gap,abhc,3.5
40,45,largest_gap,ls,0.6
40,45,largest_gap,ils1,3.1
40,45,largest_gap,ils2,3.1
40,45,largest_gap,ts,3.8
40,45,largest_gap,abhc,3.8
40,60,largest_gap,ls,1.0
40,60,largest_gap,ils1,4.4
40,60,largest_gap,ils2,4.2
40,60,largest_gap,ts,4.8
40,60,largest_gap,abhc,4.8
40,75,largest_gap,ls,1.8
40,75,largest_gap,ils1,5.7
40,75,largest_gap,ils2,5.5
40,75,largest_gap,ts,6.2
40,75,largest_gap,abhc,6.1
60,30,largest_gap,ls,0.2
60,30,largest_gap,ils1,2.8
60,30,largest_gap,ils2,2.6
60,30,largest_gap,ts,1.1
60,30,largest_gap,abhc,3.7
60,45,largest_gap,ls,0.5
60,45,largest_gap,ils1,2.9
60,45,largest_gap,ils2,2.9
60,45,largest_gap,ts,3.6
60,45,largest_gap,abhc,3.7
60,60,largest_gap,ls,0.9
60,60,largest_gap,ils1,4.1
60,60,largest_gap,ils2,4.4
60,60,largest_gap,ts,5.0
60,60,largest_gap,abhc,5.1
60,75,largest_gap,ls,1.4
60,75,largest_gap,ils1,5.3
60,75,largest_gap,ils2,5.5
60,75,largest_gap,ts,6.2
60,75,largest_gap,abhc,6.1
80,30,largest_gap,ls,0.1
80,30,largest_gap,ils1,3.0
80,30,largest_gap,ils2,2.9
80,30,largest_gap,ts,0.3
80,30,largest_gap,abhc,4.0
80,45,largest_gap,ls,0.5
80,45,largest_gap,ils1,2.5
80,45,largest_gap,ils2,2.8
80,45,largest_gap,ts,3.2
80,45,largest_gap,abhc,3.7
80,60,largest_gap,ls,0.7
80,60,largest_gap,ils1,3.4
80,60,largest_gap,ils2,3.6
80,60,largest_gap,ts,4.4
80,60,largest_gap,abhc,4.5
80,75,largest_gap,ls,1.0
80,75,largest_gap,ils1,4.5
80,75,largest_gap,ils2,4.9
80,75,largest_gap,ts,5.5
80,75,largest_gap,abhc,5.8
100,30,largest_gap,ls,0.1
100,30,largest_gap,ils1,2.9
100,30,largest_gap,ils2,3.0
100,30,largest_gap,ts,0.8
100,30,largest_gap,abhc,4.2
100,45,largest_gap,ls,0.4
100,45,largest_gap,ils1,2.6
100,45,largest_gap,ils2,2.7
100,45,largest_gap,ts,3.7
100,45,largest_gap,abhc,3.9
100,60,largest_gap,ls,0.6
100,60,largest_gap,ils1,3.0
100,60,largest_gap,ils2,3.2
100,60,largest_gap,ts,4.4
100,60,largest_gap,abhc,4.4
100,75,largest_gap,ls,0.9
100,75,largest_gap,ils1,4.6
100,75,largest_gap,ils2,4.9
100,75,largest_gap,ts,5.5
100,75,largest_gap,abhc,5.8
