instance,mtcr,n_orders,capacity,routing,method,total_tardiness,source
MTCR_05_06_07/2l-20-45-0.txt,0.5,20,45,s_shape,edd,9615.4,comparative_vs_ils_sshape.xlsx
MTCR_05_06_07/2l-20-45-0.txt,0.5,20,45,s_shape,ils,7290.9,comparative_vs_ils_sshape.xlsx
MTCR_05_06_07/2l-20-45-0.txt,0.5,20,45,s_shape,gvns,5390.2,comparative_vs_ils_sshape.xlsx
MTCR_05_06_07/3l-20-45-0.txt,0.6,20,45,s_shape,edd,15167,comparative_vs_ils_sshape.xlsx
MTCR_05_06_07/3l-20-45-0.txt,0.6,20,45,s_shape,ils,6601.6,comparative_vs_ils_sshape.xlsx
MTCR_05_06_07/3l-20-45-0.txt,0.6,20,45,s_shape,gvns,3495.6,comparative_vs_ils_sshape.xlsx
MTCR_05_06_07/4l-20-45-0.txt,0.7,20,45,s_shape,edd,43851,comparative_vs_ils_sshape.xlsx
MTCR_05_06_07/4l-20-45-0.txt,0.7,20,45,s_shape,ils,20871,comparative_vs_ils_sshape.xlsx
MTCR_05_06_07/4l-20-45-0.txt,0.7,20,45,s_shape,gvns,14668,comparative_vs_ils_sshape.xlsx
MTCR_05_06_07/7l-20-75-0.txt,0.5,20,75,s_shape,edd,3843.8,comparative_vs_ils_sshape.xlsx
MTCR_05_06_07/7l-20-75-0.txt,0.5,20,75,s_shape,ils,3063.2,comparative_vs_ils_sshape.xlsx
MTCR_05_06_07/7l-20-75-0.txt,0.5,20,75,s_shape,gvns,2343.8,comparative_vs_ils_sshape.xlsx
MTCR_05_06_07/8l-20-75-0.txt,0.6,20,75,s_shape,edd,1843.2,comparative_vs_ils_sshape.xlsx
MTCR_05_06_07/8l-20-75-0.txt,0.6,20,75,s_shape,ils,1357.7,comparative_vs_ils_sshape.xlsx
MTCR_05_06_07/8l-20-75-0.txt,0.6,20,75,s_shape,gvns,903.5,comparative_vs_ils_sshape.xlsx
MTCR_05_06_07/9l-20-75-0.txt,0.7,20,75,s_shape,edd,6113.3,comparative_vs_ils_sshape.xlsx
MTCR_05_06_07/9l-20-75-0.txt,0.7,20,75,s_shape,ils,4900.7,comparative_vs_ils_sshape.xlsx
MTCR_05_06_07/9l-20-75-0.txt,0.7,20,75,s_shape,gvns,3453,comparative_vs_ils_sshape.xlsx
MTCR_05_06_07/12l-40-45-0.txt,0.5,40,45,s_shape,edd,479.41,comparative_vs_ils_sshape.xlsx
MTCR_05_06_07/12l-40-45-0.txt,0.5,40,45,s_shape,ils,255.33,comparative_vs_ils_sshape.xlsx
MTCR_05_06_07/12l-40-45-0.txt,0.5,40,45,s_shape,gvns,164.08,comparative_vs_ils_sshape.xlsx
MTCR_05_06_07/13l-40-45-0.txt,0.6,40,45,s_shape,edd,85751,comparative_vs_ils_sshape.xlsx
MTCR_05_06_07/13l-40-45-0.txt,0.6,40,45,s_shape,ils,30713,comparative_vs_ils_sshape.xlsx
MTCR_05_06_07/13l-40-45-0.txt,0.6,40,45,s_shape,gvns,22047,comparative_vs_ils_sshape.xlsx
MTCR_05_06_07/14l-40-45-0.txt,0.7,40,45,s_shape,edd,19009,comparative_vs_ils_sshape.xlsx
MTCR_05_06_07/14l-40-45-0.txt,0.7,40,45,s_shape,ils,3286.5,comparative_vs_ils_sshape.xlsx
MTCR_05_06_07/14l-40-45-0.txt,0.7,40,45,s_shape,gvns,703.67,comparative_vs_ils_sshape.xlsx
MTCR_05_06_07/17l-40-75-0.txt,0.5,40,75,s_shape,edd,11517,comparative_vs_ils_sshape.xlsx
MTCR_05_06_07/17l-40-75-0.txt,0.5,40,75,s_shape,ils,7729.6,comparative_vs_ils_sshape.xlsx
MTCR_05_06_07/17l-40-75-0.txt,0.5,40,75,s_shape,gvns,5140.7,comparative_vs_ils_sshape.xlsx
MTCR_05_06_07/18l-40-75-0.txt,0.6,40,75,s_shape,edd,3440.3,comparative_vs_ils_sshape.xlsx
MTCR_05_06_07/18l-40-75-0.txt,0.6,40,75,s_shape,ils,2161.3,comparative_vs_ils_sshape.xlsx
MTCR_05_06_07/18l-40-75-0.txt,0.6,40,75,s_shape,gvns,1450.4,comparative_vs_ils_sshape.xlsx
MTCR_05_06_07/19l-40-75-0.txt,0.7,40,75,s_shape,edd,1577.8,comparative_vs_ils_sshape.xlsx
MTCR_05_06_07/19l-40-75-0.txt,0.7,40,75,s_shape,ils,1240.2,comparative_vs_ils_sshape.xlsx
MTCR_05_06_07/19l-40-75-0.txt,0.7,40,75,s_shape,gvns,905.16,comparative_vs_ils_sshape.xlsx
MTCR_05_06_07/22l-60-45-0.txt,0.5,60,45,s_shape,edd,1131.6,comparative_vs_ils_sshape.xlsx
MTCR_05_06_07/22l-60-45-0.txt,0.5,60,45,s_shape,ils,917.25,comparative_vs_ils_sshape.xlsx
MTCR_05_06_07/22l-60-45-0.txt,0.5,60,45,s_shape,gvns,629.83,comparative_vs_ils_sshape.xlsx
MTCR_05_06_07/23l-60-45-0.txt,0.6,60,45,s_shape,edd,34238,comparative_vs_ils_sshape.xlsx
MTCR_05_06_07/23l-60-45-0.txt,0.6,60,45,s_shape,ils,10477,comparative_vs_ils_sshape.xlsx
MTCR_05_06_07/23l-60-45-0.txt,0.6,60,45,s_shape,gvns,7856.3,comparative_vs_ils_sshape.xlsx
MTCR_05_06_07/24l-60-45-0.txt,0.7,60,45,s_shape,edd,190420,comparative_vs_ils_sshape.xlsx
MTCR_05_06_07/24l-60-45-0.txt,0.7,60,45,s_shape,ils,37741,comparative_vs_ils_sshape.xlsx
MTCR_05_06_07/24l-60-45-0.txt,0.7,60,45,s_shape,gvns,6709.4,comparative_vs_ils_sshape.xlsx
MTCR_05_06_07/27l-60-75-0.txt,0.5,60,75,s_shape,edd,1260.2,comparative_vs_ils_sshape.xlsx
MTCR_05_06_07/27l-60-75-0.txt,0.5,60,75,s_shape,ils,175.75,comparative_vs_ils_sshape.xlsx
MTCR_05_06_07/27l-60-75-0.txt,0.5,60,75,s_shape,gvns,46.583,comparative_vs_ils_sshape.xlsx
MTCR_05_06_07/28l-60-75-0.txt,0.6,60,75,s_shape,edd,404.42,comparative_vs_ils_sshape.xlsx
MTCR_05_06_07/28l-60-75-0.txt,0.6,60,75,s_shape,ils,0,comparative_vs_ils_sshape.xlsx
MTCR_05_06_07/28l-60-75-0.txt,0.6,60,75,s_shape,gvns,0,comparative_vs_ils_sshape.xlsx
MTCR_05_06_07/29l-60-75-0.txt,0.7,60,75,s_shape,edd,16095,comparative_vs_ils_sshape.xlsx
MTCR_05_06_07/29l-60-75-0.txt,0.7,60,75,s_shape,ils,9819.8,comparative_vs_ils_sshape.xlsx
MTCR_05_06_07/29l-60-75-0.txt,0.7,60,75,s_shape,gvns,4989.4,comparative_vs_ils_sshape.xlsx
MTCR_05_06_07/32l-80-45-0.txt,0.5,80,45,s_shape,edd,1022.8,comparative_vs_ils_sshape.xlsx
MTCR_05_06_07/32l-80-45-0.txt,0.5,80,45,s_shape,ils,932.76,comparative_vs_ils_sshape.xlsx
MTCR_05_06_07/32l-80-45-0.txt,0.5,80,45,s_shape,gvns,540.09,comparative_vs_ils_sshape.xlsx
MTCR_05_06_07/33l-80-45-0.txt,0.6,80,45,s_shape,edd,34835,comparative_vs_ils_sshape.xlsx
MTCR_05_06_07/33l-80-45-0.txt,0.6,80,45,s_shape,ils,1460.6,comparative_vs_ils_sshape.xlsx
MTCR_05_06_07/33l-80-45-0.txt,0.6,80,45,s_shape,gvns,399.83,comparative_vs_ils_sshape.xlsx
MTCR_05_06_07/34l-80-45-0.txt,0.7,80,45,s_shape,edd,429750,comparative_vs_ils_sshape.xlsx
MTCR_05_06_07/34l-80-45-0.txt,0.7,80,45,s_shape,ils,96063,comparative_vs_ils_sshape.xlsx
MTCR_05_06_07/34l-80-45-0.txt,0.7,80,45,s_shape,gvns,60188,comparative_vs_ils_sshape.xlsx
MTCR_05_06_07/37l-80-75-0.txt,0.5,80,75,s_shape,edd,833.5,comparative_vs_ils_sshape.xlsx
MTCR_05_06_07/37l-80-75-0.txt,0.5,80,75,s_shape,ils,695.67,comparative_vs_ils_sshape.xlsx
MTCR_05_06_07/37l-80-75-0.txt,0.5,80,75,s_shape,gvns,200.25,comparative_vs_ils_sshape.xlsx
MTCR_05_06_07/38l-80-75-0.txt,0.6,80,75,s_shape,edd,20791,comparative_vs_ils_sshape.xlsx
MTCR_05_06_07/38l-80-75-0.txt,0.6,80,75,s_shape,ils,7310.2,comparative_vs_ils_sshape.xlsx
MTCR_05_06_07/38l-80-75-0.txt,0.6,80,75,s_shape,gvns,4881.9,comparative_vs_ils_sshape.xlsx
MTCR_05_06_07/39l-80-75-0.txt,0.7,80,75,s_shape,edd,3871.5,comparative_vs_ils_sshape.xlsx
MTCR_05_06_07/39l-80-75-0.txt,0.7,80,75,s_shape,ils,15.669,comparative_vs_ils_sshape.xlsx
MTCR_05_06_07/39l-80-75-0.txt,0.7,80,75,s_shape,gvns,0,comparative_vs_ils_sshape.xlsx
MTCR_05_06_07/42s-20-45-0.txt,0.5,20,45,s_shape,edd,14556,comparative_vs_ils_sshape.xlsx
MTCR_05_06_07/42s-20-45-0.txt,0.5,20,45,s_shape,ils,7689.5,comparative_vs_ils_sshape.xlsx
MTCR_05_06_07/42s-20-45-0.txt,0.5,20,45,s_shape,gvns,6045.4,comparative_vs_ils_sshape.xlsx
MTCR_05_06_07/43s-20-45-0.txt,0.6,20,45,s_shape,edd,2372.8,comparative_vs_ils_sshape.xlsx
MTCR_05_06_07/43s-20-45-0.txt,0.6,20,45,s_shape,ils,1224.3,comparative_vs_ils_sshape.xlsx
MTCR_05_06_07/43s-20-45-0.txt,0.6,20,45,s_shape,gvns,632.75,comparative_vs_ils_sshape.xlsx
MTCR_05_06_07/44s-20-45-0.txt,0.7,20,45,s_shape,edd,27538,comparative_vs_ils_sshape.xlsx
MTCR_05_06_07/44s-20-45-0.txt,0.7,20,45,s_shape,ils,9474.3,comparative_vs_ils_sshape.xlsx
MTCR_05_06_07/44s-20-45-0.txt,0.7,20,45,s_shape,gvns,4176.4,comparative_vs_ils_sshape.xlsx
MTCR_05_06_07/47s-20-75-0.txt,0.5,20,75,s_shape,edd,0,comparative_vs_ils_sshape.xlsx
MTCR_05_06_07/47s-20-75-0.txt,0.5,20,75,s_shape,ils,0,comparative_vs_ils_sshape.xlsx
MTCR_05_06_07/47s-20-75-0.txt,0.5,20,75,s_shape,gvns,0,comparative_vs_ils_sshape.xlsx
MTCR_05_06_07/48s-20-75-0.txt,0.6,20,75,s_shape,edd,2027.6,comparative_vs_ils_sshape.xlsx
MTCR_05_06_07/48s-20-75-0.txt,0.6,20,75,s_shape,ils,1583.3,comparative_vs_ils_sshape.xlsx
MTCR_05_06_07/48s-20-75-0.txt,0.6,20,75,s_shape,gvns,1034,comparative_vs_ils_sshape.xlsx
MTCR_05_06_07/49s-20-75-0.txt,0.7,20,75,s_shape,edd,10543,comparative_vs_ils_sshape.xlsx
MTCR_05_06_07/49s-20-75-0.txt,0.7,20,75,s_shape,ils,8624.2,comparative_vs_ils_sshape.xlsx
MTCR_05_06_07/49s-20-75-0.txt,0.7,20,75,s_shape,gvns,6279.1,comparative_vs_ils_sshape.xlsx
MTCR_05_06_07/52s-40-45-0.txt,0.5,40,45,s_shape,edd,121.17,comparative_vs_ils_sshape.xlsx
MTCR_05_06_07/52s-40-45-0.txt,0.5,40,45,s_shape,ils,0,comparative_vs_ils_sshape.xlsx
MTCR_05_06_07/52s-40-45-0.txt,0.5,40,45,s_shape,gvns,0,comparative_vs_ils_sshape.xlsx
MTCR_05_06_07/53s-40-45-0.txt,0.6,40,45,s_shape,edd,25828,comparative_vs_ils_sshape.xlsx
MTCR_05_06_07/53s-40-45-0.txt,0.6,40,45,s_shape,ils,9099.9,comparative_vs_ils_sshape.xlsx
MTCR_05_06_07/53s-40-45-0.txt,0.6,40,45,s_shape,gvns,2616.4,comparative_vs_ils_sshape.xlsx
MTCR_05_06_07/54s-40-45-0.txt,0.7,40,45,s_shape,edd,66397,comparative_vs_ils_sshape.xlsx
MTCR_05_06_07/54s-40-45-0.txt,0.7,40,45,s_shape,ils,13630,comparative_vs_ils_sshape.xlsx
MTCR_05_06_07/54s-40-45-0.txt,0.7,40,45,s_shape,gvns,1887.2,comparative_vs_ils_sshape.xlsx
MTCR_05_06_07/57s-40-75-0.txt,0.5,40,75,s_shape,edd,3227.3,comparative_vs_ils_sshape.xlsx
MTCR_05_06_07/57s-40-75-0.txt,0.5,40,75,s_shape,ils,1901.8,comparative_vs_ils_sshape.xlsx
MTCR_05_06_07/57s-40-75-0.txt,0.5,40,75,s_shape,gvns,1142.6,comparative_vs_ils_sshape.xlsx
MTCR_05_06_07/58s-40-75-0.txt,0.6,40,75,s_shape,edd,674.17,comparative_vs_ils_sshape.xlsx
MTCR_05_06_07/58s-40-75-0.txt,0.6,40,75,s_shape,ils,0,comparative_vs_ils_sshape.xlsx
MTCR_05_06_07/58s-40-75-0.txt,0.6,40,75,s_shape,gvns,0,comparative_vs_ils_sshape.xlsx
MTCR_05_06_07/59s-40-75-0.txt,0.7,40,75,s_shape,edd,2439,comparative_vs_ils_sshape.xlsx
MTCR_05_06_07/59s-40-75-0.txt,0.7,40,75,s_shape,ils,1837.7,comparative_vs_ils_sshape.xlsx
MTCR_05_06_07/59s-40-75-0.txt,0.7,40,75,s_shape,gvns,1141.8,comparative_vs_ils_sshape.xlsx
MTCR_05_06_07/62s-60-45-0.txt,0.5,60,45,s_shape,edd,0,comparative_vs_ils_sshape.xlsx
MTCR_05_06_07/62s-60-45-0.txt,0.5,60,45,s_shape,ils,0,comparative_vs_ils_sshape.xlsx
MTCR_05_06_07/62s-60-45-0.txt,0.5,60,45,s_shape,gvns,0,comparative_vs_ils_sshape.xlsx
MTCR_05_06_07/63s-60-45-0.txt,0.6,60,45,s_shape,edd,409.83,comparative_vs_ils_sshape.xlsx
MTCR_05_06_07/63s-60-45-0.txt,0.6,60,45,s_shape,ils,194.5,comparative_vs_ils_sshape.xlsx
MTCR_05_06_07/63s-60-45-0.txt,0.6,60,45,s_shape,gvns,0,comparative_vs_ils_sshape.xlsx
MTCR_05_06_07/64s-60-45-0.txt,0.7,60,45,s_shape,edd,210870,comparative_vs_ils_sshape.xlsx
MTCR_05_06_07/64s-60-45-0.txt,0.7,60,45,s_shape,ils,38502,comparative_vs_ils_sshape.xlsx
MTCR_05_06_07/64s-60-45-0.txt,0.7,60,45,s_shape,gvns,14173,comparative_vs_ils_sshape.xlsx
MTCR_05_06_07/67s-60-75-0.txt,0.5,60,75,s_shape,edd,1164,comparative_vs_ils_sshape.xlsx
MTCR_05_06_07/67s-60-75-0.txt,0.5,60,75,s_shape,ils,395.33,comparative_vs_ils_sshape.xlsx
MTCR_05_06_07/67s-60-75-0.txt,0.5,60,75,s_shape,gvns,257.83,comparative_vs_ils_sshape.xlsx
MTCR_05_06_07/68s-60-75-0.txt,0.6,60,75,s_shape,edd,399.16,comparative_vs_ils_sshape.xlsx
MTCR_05_06_07/68s-60-75-0.txt,0.6,60,75,s_shape,ils,0,comparative_vs_ils_sshape.xlsx
MTCR_05_06_07/68s-60-75-0.txt,0.6,60,75,s_shape,gvns,0,comparative_vs_ils_sshape.xlsx
MTCR_05_06_07/69s-60-75-0.txt,0.7,60,75,s_shape,edd,3278.8,comparative_vs_ils_sshape.xlsx
MTCR_05_06_07/69s-60-75-0.txt,0.7,60,75,s_shape,ils,1389.2,comparative_vs_ils_sshape.xlsx
MTCR_05_06_07/69s-60-75-0.txt,0.7,60,75,s_shape,gvns,1143.1,comparative_vs_ils_sshape.xlsx
MTCR_05_06_07/72s-80-45-0.txt,0.5,80,45,s_shape,edd,48279,comparative_vs_ils_sshape.xlsx
MTCR_05_06_07/72s-80-45-0.txt,0.5,80,45,s_shape,ils,14615,comparative_vs_ils_sshape.xlsx
MTCR_05_06_07/72s-80-45-0.txt,0.5,80,45,s_shape,gvns,5058.1,comparative_vs_ils_sshape.xlsx
MTCR_05_06_07/73s-80-45-0.txt,0.6,80,45,s_shape,edd,4477.6,comparative_vs_ils_sshape.xlsx
MTCR_05_06_07/73s-80-45-0.txt,0.6,80,45,s_shape,ils,1442.5,comparative_vs_ils_sshape.xlsx
MTCR_05_06_07/73s-80-45-0.txt,0.6,80,45,s_shape,gvns,875.91,comparative_vs_ils_sshape.xlsx
MTCR_05_06_07/74s-80-45-0.txt,0.7,80,45,s_shape,edd,187370,comparative_vs_ils_sshape.xlsx
MTCR_05_06_07/74s-80-45-0.txt,0.7,80,45,s_shape,ils,27632,comparative_vs_ils_sshape.xlsx
MTCR_05_06_07/74s-80-45-0.txt,0.7,80,45,s_shape,gvns,2224,comparative_vs_ils_sshape.xlsx
MTCR_05_06_07/77s-80-75-0.txt,0.5,80,75,s_shape,edd,574.5,comparative_vs_ils_sshape.xlsx
MTCR_05_06_07/77s-80-75-0.txt,0.5,80,75,s_shape,ils,371.25,comparative_vs_ils_sshape.xlsx
MTCR_05_06_07/77s-80-75-0.txt,0.5,80,75,s_shape,gvns,108.75,comparative_vs_ils_sshape.xlsx
MTCR_05_06_07/78s-80-75-0.txt,0.6,80,75,s_shape,edd,355.92,comparative_vs_ils_sshape.xlsx
MTCR_05_06_07/78s-80-75-0.txt,0.6,80,75,s_shape,ils,0,comparative_vs_ils_sshape.xlsx
MTCR_05_06_07/78s-80-75-0.txt,0.6,80,75,s_shape,gvns,0,comparative_vs_ils_sshape.xlsx
MTCR_05_06_07/79s-80-75-0.txt,0.7,80,75,s_shape,edd,8784.5,comparative_vs_ils_sshape.xlsx
MTCR_05_06_07/79s-80-75-0.txt,0.7,80,75,s_shape,ils,5921.2,comparative_vs_ils_sshape.xlsx
MTCR_05_06_07/79s-80-75-0.txt,0.7,80,75,s_shape,gvns,4239.9,comparative_vs_ils_sshape.xlsx
MTCR_055_065_075/1l-20-45-0.txt,0.55,20,45,s_shape,edd,0,comparative_vs_ils_sshape.xlsx
MTCR_055_065_075/1l-20-45-0.txt,0.55,20,45,s_shape,ils,0,comparative_vs_ils_sshape.xlsx
MTCR_055_065_075/1l-20-45-0.txt,0.55,20,45,s_shape,gvns,0,comparative_vs_ils_sshape.xlsx
MTCR_055_065_075/2l-20-45-0.txt,0.65,20,45,s_shape,edd,11168,comparative_vs_ils_sshape.xlsx
MTCR_055_065_075/2l-20-45-0.txt,0.65,20,45,s_shape,ils,2632.3,comparative_vs_ils_sshape.xlsx
MTCR_055_065_075/2l-20-45-0.txt,0.65,20,45,s_shape,gvns,0,comparative_vs_ils_sshape.xlsx
MTCR_055_065_075/3l-20-45-0.txt,0.75,20,45,s_shape,edd,28465,comparative_vs_ils_sshape.xlsx
MTCR_055_065_075/3l-20-45-0.txt,0.75,20,45,s_shape,ils,12957,comparative_vs_ils_sshape.xlsx
MTCR_055_065_075/3l-20-45-0.txt,0.75,20,45,s_shape,gvns,8515.5,comparative_vs_ils_sshape.xlsx
MTCR_055_065_075/4l-20-75-0.txt,0.55,20,75,s_shape,edd,0,comparative_vs_ils_sshape.xlsx
MTCR_055_065_075/4l-20-75-0.txt,0.55,20,75,s_shape,ils,0,comparative_vs_ils_sshape.xlsx
MTCR_055_065_075/4l-20-75-0.txt,0.55,20,75,s_shape,gvns,0,comparative_vs_ils_sshape.xlsx
MTCR_055_065_075/5l-20-75-0.txt,0.65,20,75,s_shape,edd,8980.8,comparative_vs_ils_sshape.xlsx
MTCR_055_065_075/5l-20-75-0.txt,0.65,20,75,s_shape,ils,6760.6,comparative_vs_ils_sshape.xlsx
MTCR_055_065_075/5l-20-75-0.txt,0.65,20,75,s_shape,gvns,4400.8,comparative_vs_ils_sshape.xlsx
MTCR_055_065_075/6l-20-75-0.txt,0.75,20,75,s_shape,edd,28682,comparative_vs_ils_sshape.xlsx
MTCR_055_065_075/6l-20-75-0.txt,0.75,20,75,s_shape,ils,14491,comparative_vs_ils_sshape.xlsx
MTCR_055_065_075/6l-20-75-0.txt,0.75,20,75,s_shape,gvns,9582.7,comparative_vs_ils_sshape.xlsx
MTCR_055_065_075/7l-40-45-0.txt,0.55,40,45,s_shape,edd,20519,comparative_vs_ils_sshape.xlsx
MTCR_055_065_075/7l-40-45-0.txt,0.55,40,45,s_shape,ils,4004.3,comparative_vs_ils_sshape.xlsx
MTCR_055_065_075/7l-40-45-0.txt,0.55,40,45,s_shape,gvns,885.06,comparative_vs_ils_sshape.xlsx
MTCR_055_065_075/8l-40-45-0.txt,0.65,40,45,s_shape,edd,68460,comparative_vs_ils_sshape.xlsx
MTCR_055_065_075/8l-40-45-0.txt,0.65,40,45,s_shape,ils,19881,comparative_vs_ils_sshape.xlsx
MTCR_055_065_075/8l-40-45-0.txt,0.65,40,45,s_shape,gvns,12231,comparative_vs_ils_sshape.xlsx
MTCR_055_065_075/9l-40-45-0.txt,0.75,40,45,s_shape,edd,119130,comparative_vs_ils_sshape.xlsx
MTCR_055_065_075/9l-40-45-0.txt,0.75,40,45,s_shape,ils,55630,comparative_vs_ils_sshape.xlsx
MTCR_055_065_075/9l-40-45-0.txt,0.75,40,45,s_shape,gvns,32386,comparative_vs_ils_sshape.xlsx
MTCR_055_065_075/10l-40-75-0.txt,0.55,40,75,s_shape,edd,1887.1,comparative_vs_ils_sshape.xlsx
MTCR_055_065_075/10l-40-75-0.txt,0.55,40,75,s_shape,ils,1254.3,comparative_vs_ils_sshape.xlsx
MTCR_055_065_075/10l-40-75-0.txt,0.55,40,75,s_shape,gvns,901.5,comparative_vs_ils_sshape.xlsx
MTCR_055_065_075/11l-40-75-0.txt,0.65,40,75,s_shape,edd,394.33,comparative_vs_ils_sshape.xlsx
MTCR_055_065_075/11l-40-75-0.txt,0.65,40,75,s_shape,ils,0,comparative_vs_ils_sshape.xlsx
MTCR_055_065_075/11l-40-75-0.txt,0.65,40,75,s_shape,gvns,0,comparative_vs_ils_sshape.xlsx
MTCR_055_065_075/12l-40-75-0.txt,0.75,40,75,s_shape,edd,94964,comparative_vs_ils_sshape.xlsx
MTCR_055_065_075/12l-40-75-0.txt,0.75,40,75,s_shape,ils,31901,comparative_vs_ils_sshape.xlsx
MTCR_055_065_075/12l-40-75-0.txt,0.75,40,75,s_shape,gvns,21007,comparative_vs_ils_sshape.xlsx
MTCR_055_065_075/13l-60-45-0.txt,0.55,60,45,s_shape,edd,16472,comparative_vs_ils_sshape.xlsx
MTCR_055_065_075/13l-60-45-0.txt,0.55,60,45,s_shape,ils,9262.5,comparative_vs_ils_sshape.xlsx
MTCR_055_065_075/13l-60-45-0.txt,0.55,60,45,s_shape,gvns,6688.1,comparative_vs_ils_sshape.xlsx
MTCR_055_065_075/14l-60-45-0.txt,0.65,60,45,s_shape,edd,249550,comparative_vs_ils_sshape.xlsx
MTCR_055_065_075/14l-60-45-0.txt,0.65,60,45,s_shape,ils,74844,comparative_vs_ils_sshape.xlsx
MTCR_055_065_075/14l-60-45-0.txt,0.65,60,45,s_shape,gvns,56388,comparative_vs_ils_sshape.xlsx
MTCR_055_065_075/15l-60-45-0.txt,0.75,60,45,s_shape,edd,213870,comparative_vs_ils_sshape.xlsx
MTCR_055_065_075/15l-60-45-0.txt,0.75,60,45,s_shape,ils,70100,comparative_vs_ils_sshape.xlsx
MTCR_055_065_075/15l-60-45-0.txt,0.75,60,45,s_shape,gvns,44586,comparative_vs_ils_sshape.xlsx
MTCR_055_065_075/16l-60-75-0.txt,0.55,60,75,s_shape,edd,0,comparative_vs_ils_sshape.xlsx
MTCR_055_065_075/16l-60-75-0.txt,0.55,60,75,s_shape,ils,0,comparative_vs_ils_sshape.xlsx
MTCR_055_065_075/16l-60-75-0.txt,0.55,60,75,s_shape,gvns,0,comparative_vs_ils_sshape.xlsx
MTCR_055_065_075/17l-60-75-0.txt,0.65,60,75,s_shape,edd,26608,comparative_vs_ils_sshape.xlsx
MTCR_055_065_075/17l-60-75-0.txt,0.65,60,75,s_shape,ils,14977,comparative_vs_ils_sshape.xlsx
MTCR_055_065_075/17l-60-75-0.txt,0.65,60,75,s_shape,gvns,11501,comparative_vs_ils_sshape.xlsx
MTCR_055_065_075/18l-60-75-0.txt,0.75,60,75,s_shape,edd,43490,comparative_vs_ils_sshape.xlsx
MTCR_055_065_075/18l-60-75-0.txt,0.75,60,75,s_shape,ils,10116,comparative_vs_ils_sshape.xlsx
MTCR_055_065_075/18l-60-75-0.txt,0.75,60,75,s_shape,gvns,6121.7,comparative_vs_ils_sshape.xlsx
MTCR_055_065_075/19l-80-45-0.txt,0.55,80,45,s_shape,edd,6713.1,comparative_vs_ils_sshape.xlsx
MTCR_055_065_075/19l-80-45-0.txt,0.55,80,45,s_shape,ils,5138.9,comparative_vs_ils_sshape.xlsx
MTCR_055_065_075/19l-80-45-0.txt,0.55,80,45,s_shape,gvns,3765.3,comparative_vs_ils_sshape.xlsx
MTCR_055_065_075/20l-80-45-0.txt,0.65,80,45,s_shape,edd,143960,comparative_vs_ils_sshape.xlsx
MTCR_055_065_075/20l-80-45-0.txt,0.65,80,45,s_shape,ils,41341,comparative_vs_ils_sshape.xlsx
MTCR_055_065_075/20l-80-45-0.txt,0.65,80,45,s_shape,gvns,27671,comparative_vs_ils_sshape.xlsx
MTCR_055_065_075/21l-80-45-0.txt,0.75,80,45,s_shape,edd,428530,comparative_vs_ils_sshape.xlsx
MTCR_055_065_075/21l-80-45-0.txt,0.75,80,45,s_shape,ils,113470,comparative_vs_ils_sshape.xlsx
MTCR_055_065_075/21l-80-45-0.txt,0.75,80,45,s_shape,gvns,77134,comparative_vs_ils_sshape.xlsx
MTCR_055_065_075/22l-80-75-0.txt,0.55,80,75,s_shape,edd,9847,comparative_vs_ils_sshape.xlsx
MTCR_055_065_075/22l-80-75-0.txt,0.55,80,75,s_shape,ils,7615.7,comparative_vs_ils_sshape.xlsx
MTCR_055_065_075/22l-80-75-0.txt,0.55,80,75,s_shape,gvns,4397.8,comparative_vs_ils_sshape.xlsx
MTCR_055_065_075/23l-80-75-0.txt,0.65,80,75,s_shape,edd,3880.7,comparative_vs_ils_sshape.xlsx
MTCR_055_065_075/23l-80-75-0.txt,0.65,80,75,s_shape,ils,1149.1,comparative_vs_ils_sshape.xlsx
MTCR_055_065_075/23l-80-75-0.txt,0.65,80,75,s_shape,gvns,308.09,comparative_vs_ils_sshape.xlsx
MTCR_055_065_075/24l-80-75-0.txt,0.75,80,75,s_shape,edd,143130,comparative_vs_ils_sshape.xlsx
MTCR_055_065_075/24l-80-75-0.txt,0.75,80,75,s_shape,ils,19073,comparative_vs_ils_sshape.xlsx
MTCR_055_065_075/24l-80-75-0.txt,0.75,80,75,s_shape,gvns,10792,comparative_vs_ils_sshape.xlsx
MTCR_055_065_075/25s-20-45-0.txt,0.55,20,45,s_shape,edd,427.34,comparative_vs_ils_sshape.xlsx
MTCR_055_065_075/25s-20-45-0.txt,0.55,20,45,s_shape,ils,117.33,comparative_vs_ils_sshape.xlsx
MTCR_055_065_075/25s-20-45-0.txt,0.55,20,45,s_shape,gvns,0,comparative_vs_ils_sshape.xlsx
MTCR_055_065_075/26s-20-45-0.txt,0.65,20,45,s_shape,edd,11577,comparative_vs_ils_sshape.xlsx
MTCR_055_065_075/26s-20-45-0.txt,0.65,20,45,s_shape,ils,6208.7,comparative_vs_ils_sshape.xlsx
MTCR_055_065_075/26s-20-45-0.txt,0.65,20,45,s_shape,gvns,4424.8,comparative_vs_ils_sshape.xlsx
MTCR_055_065_075/27s-20-45-0.txt,0.75,20,45,s_shape,edd,48529,comparative_vs_ils_sshape.xlsx
MTCR_055_065_075/27s-20-45-0.txt,0.75,20,45,s_shape,ils,27980,comparative_vs_ils_sshape.xlsx
MTCR_055_065_075/27s-20-45-0.txt,0.75,20,45,s_shape,gvns,23144,comparative_vs_ils_sshape.xlsx
MTCR_055_065_075/28s-20-75-0.txt,0.55,20,75,s_shape,edd,2269.5,comparative_vs_ils_sshape.xlsx
MTCR_055_065_075/28s-20-75-0.txt,0.55,20,75,s_shape,ils,1477.3,comparative_vs_ils_sshape.xlsx
MTCR_055_065_075/28s-20-75-0.txt,0.55,20,75,s_shape,gvns,754.66,comparative_vs_ils_sshape.xlsx
MTCR_055_065_075/29s-20-75-0.txt,0.65,20,75,s_shape,edd,7201.3,comparative_vs_ils_sshape.xlsx
MTCR_055_065_075/29s-20-75-0.txt,0.65,20,75,s_shape,ils,4626.7,comparative_vs_ils_sshape.xlsx
MTCR_055_065_075/29s-20-75-0.txt,0.65,20,75,s_shape,gvns,2955.8,comparative_vs_ils_sshape.xlsx
MTCR_055_065_075/30s-20-75-0.txt,0.75,20,75,s_shape,edd,10634,comparative_vs_ils_sshape.xlsx
MTCR_055_065_075/30s-20-75-0.txt,0.75,20,75,s_shape,ils,8396,comparative_vs_ils_sshape.xlsx
MTCR_055_065_075/30s-20-75-0.txt,0.75,20,75,s_shape,gvns,6954.3,comparative_vs_ils_sshape.xlsx
MTCR_055_065_075/31s-40-45-0.txt,0.55,40,45,s_shape,edd,4416.7,comparative_vs_ils_sshape.xlsx
MTCR_055_065_075/31s-40-45-0.txt,0.55,40,45,s_shape,ils,3104.4,comparative_vs_ils_sshape.xlsx
MTCR_055_065_075/31s-40-45-0.txt,0.55,40,45,s_shape,gvns,1995.3,comparative_vs_ils_sshape.xlsx
MTCR_055_065_075/32s-40-45-0.txt,0.65,40,45,s_shape,edd,6819.2,comparative_vs_ils_sshape.xlsx
MTCR_055_065_075/32s-40-45-0.txt,0.65,40,45,s_shape,ils,115.58,comparative_vs_ils_sshape.xlsx
MTCR_055_065_075/32s-40-45-0.txt,0.65,40,45,s_shape,gvns,0,comparative_vs_ils_sshape.xlsx
MTCR_055_065_075/33s-40-45-0.txt,0.75,40,45,s_shape,edd,161490,comparative_vs_ils_sshape.xlsx
MTCR_055_065_075/33s-40-45-0.txt,0.75,40,45,s_shape,ils,62109,comparative_vs_ils_sshape.xlsx
MTCR_055_065_075/33s-40-45-0.txt,0.75,40,45,s_shape,gvns,44381,comparative_vs_ils_sshape.xlsx
MTCR_055_065_075/34s-40-75-0.txt,0.55,40,75,s_shape,edd,415.33,comparative_vs_ils_sshape.xlsx
MTCR_055_065_075/34s-40-75-0.txt,0.55,40,75,s_shape,ils,303.66,comparative_vs_ils_sshape.xlsx
MTCR_055_065_075/34s-40-75-0.txt,0.55,40,75,s_shape,gvns,8.998,comparative_vs_ils_sshape.xlsx
MTCR_055_065_075/35s-40-75-0.txt,0.65,40,75,s_shape,edd,671.75,comparative_vs_ils_sshape.xlsx
MTCR_055_065_075/35s-40-75-0.txt,0.65,40,75,s_shape,ils,176.75,comparative_vs_ils_sshape.xlsx
MTCR_055_065_075/35s-40-75-0.txt,0.65,40,75,s_shape,gvns,41,comparative_vs_ils_sshape.xlsx
MTCR_055_065_075/36s-40-75-0.txt,0.75,40,75,s_shape,edd,21863,comparative_vs_ils_sshape.xlsx
MTCR_055_065_075/36s-40-75-0.txt,0.75,40,75,s_shape,ils,10248,comparative_vs_ils_sshape.xlsx
MTCR_055_065_075/36s-40-75-0.txt,0.75,40,75,s_shape,gvns,6562.8,comparative_vs_ils_sshape.xlsx
MTCR_055_065_075/37s-60-45-0.txt,0.55,60,45,s_shape,edd,13147,comparative_vs_ils_sshape.xlsx
MTCR_055_065_075/37s-60-45-0.txt,0.55,60,45,s_shape,ils,6007.3,comparative_vs_ils_sshape.xlsx
MTCR_055_065_075/37s-60-45-0.txt,0.55,60,45,s_shape,gvns,3278.6,comparative_vs_ils_sshape.xlsx
MTCR_055_065_075/38s-60-45-0.txt,0.65,60,45,s_shape,edd,164430,comparative_vs_ils_sshape.xlsx
MTCR_055_065_075/38s-60-45-0.txt,0.65,60,45,s_shape,ils,61633,comparative_vs_ils_sshape.xlsx
MTCR_055_065_075/38s-60-45-0.txt,0.65,60,45,s_shape,gvns,50920,comparative_vs_ils_sshape.xlsx
MTCR_055_065_075/39s-60-45-0.txt,0.75,60,45,s_shape,edd,258590,comparative_vs_ils_sshape.xlsx
MTCR_055_065_075/39s-60-45-0.txt,0.75,60,45,s_shape,ils,72417,comparative_vs_ils_sshape.xlsx
MTCR_055_065_075/39s-60-45-0.txt,0.75,60,45,s_shape,gvns,47644,comparative_vs_ils_sshape.xlsx
MTCR_055_065_075/40s-60-75-0.txt,0.55,60,75,s_shape,edd,7463,comparative_vs_ils_sshape.xlsx
MTCR_055_065_075/40s-60-75-0.txt,0.55,60,75,s_shape,ils,4462.5,comparative_vs_ils_sshape.xlsx
MTCR_055_065_075/40s-60-75-0.txt,0.55,60,75,s_shape,gvns,2814.9,comparative_vs_ils_sshape.xlsx
MTCR_055_065_075/41s-60-75-0.txt,0.65,60,75,s_shape,edd,316.75,comparative_vs_ils_sshape.xlsx
MTCR_055_065_075/41s-60-75-0.txt,0.65,60,75,s_shape,ils,301.92,comparative_vs_ils_sshape.xlsx
MTCR_055_065_075/41s-60-75-0.txt,0.65,60,75,s_shape,gvns,22.417,comparative_vs_ils_sshape.xlsx
MTCR_055_065_075/42s-60-75-0.txt,0.75,60,75,s_shape,edd,7343.2,comparative_vs_ils_sshape.xlsx
MTCR_055_065_075/42s-60-75-0.txt,0.75,60,75,s_shape,ils,1847.4,comparative_vs_ils_sshape.xlsx
MTCR_055_065_075/42s-60-75-0.txt,0.75,60,75,s_shape,gvns,1226.4,comparative_vs_ils_sshape.xlsx
MTCR_055_065_075/43s-80-45-0.txt,0.55,80,45,s_shape,edd,9967.4,comparative_vs_ils_sshape.xlsx
MTCR_055_065_075/43s-80-45-0.txt,0.55,80,45,s_shape,ils,4597.9,comparative_vs_ils_sshape.xlsx
MTCR_055_065_075/43s-80-45-0.txt,0.55,80,45,s_shape,gvns,1523.8,comparative_vs_ils_sshape.xlsx
MTCR_055_065_075/44s-80-45-0.txt,0.65,80,45,s_shape,edd,116220,comparative_vs_ils_sshape.xlsx
MTCR_055_065_075/44s-80-45-0.txt,0.65,80,45,s_shape,ils,23514,comparative_vs_ils_sshape.xlsx
MTCR_055_065_075/44s-80-45-0.txt,0.65,80,45,s_shape,gvns,13284,comparative_vs_ils_sshape.xlsx
MTCR_055_065_075/45s-80-45-0.txt,0.75,80,45,s_shape,edd,625600,comparative_vs_ils_sshape.xlsx
MTCR_055_065_075/45s-80-45-0.txt,0.75,80,45,s_shape,ils,251000,comparative_vs_ils_sshape.xlsx
MTCR_055_065_075/45s-80-45-0.txt,0.75,80,45,s_shape,gvns,179510,comparative_vs_ils_sshape.xlsx
MTCR_055_065_075/46s-80-75-0.txt,0.55,80,75,s_shape,edd,2312.5,comparative_vs_ils_sshape.xlsx
MTCR_055_065_075/46s-80-75-0.txt,0.55,80,75,s_shape,ils,833.84,comparative_vs_ils_sshape.xlsx
MTCR_055_065_075/46s-80-75-0.txt,0.55,80,75,s_shape,gvns,783.84,comparative_vs_ils_sshape.xlsx
MTCR_055_065_075/47s-80-75-0.txt,0.65,80,75,s_shape,edd,6018.5,comparative_vs_ils_sshape.xlsx
MTCR_055_065_075/47s-80-75-0.txt,0.65,80,75,s_shape,ils,4101.3,comparative_vs_ils_sshape.xlsx
MTCR_055_065_075/47s-80-75-0.txt,0.65,80,75,s_shape,gvns,2806.9,comparative_vs_ils_sshape.xlsx
MTCR_055_065_075/48s-80-75-0.txt,0.75,80,75,s_shape,edd,163710,comparative_vs_ils_sshape.xlsx
MTCR_055_065_075/48s-80-75-0.txt,0.75,80,75,s_shape,ils,30026,comparative_vs_ils_sshape.xlsx
MTCR_055_065_075/48s-80-75-0.txt,0.75,80,75,s_shape,gvns,10203,comparative_vs_ils_sshape.xlsx
MTCR_05_06_07/2l-20-45-0.txt,0.5,20,45,largest_gap,edd,7173.7,comparative_vs_ils_largest_gap.xlsx
MTCR_05_06_07/2l-20-45-0.txt,0.5,20,45,largest_gap,ils,6677.7,comparative_vs_ils_largest_gap.xlsx
MTCR_05_06_07/2l-20-45-0.txt,0.5,20,45,largest_gap,gvns,5390.2,comparative_vs_ils_largest_gap.xlsx
MTCR_05_06_07/3l-20-45-0.txt,0.6,20,45,largest_gap,edd,10524,comparative_vs_ils_largest_gap.xlsx
MTCR_05_06_07/3l-20-45-0.txt,0.6,20,45,largest_gap,ils,5370.2,comparative_vs_ils_largest_gap.xlsx
MTCR_05_06_07/3l-20-45-0.txt,0.6,20,45,largest_gap,gvns,3495.6,comparative_vs_ils_largest_gap.xlsx
MTCR_05_06_07/4l-20-45-0.txt,0.7,20,45,largest_gap,edd,34596,comparative_vs_ils_largest_gap.xlsx
MTCR_05_06_07/4l-20-45-0.txt,0.7,20,45,largest_gap,ils,18424,comparative_vs_ils_largest_gap.xlsx
MTCR_05_06_07/4l-20-45-0.txt,0.7,20,45,largest_gap,gvns,14668,comparative_vs_ils_largest_gap.xlsx
MTCR_05_06_07/7l-20-75-0.txt,0.5,20,75,largest_gap,edd,3606.3,comparative_vs_ils_largest_gap.xlsx
MTCR_05_06_07/7l-20-75-0.txt,0.5,20,75,largest_gap,ils,3118.8,comparative_vs_ils_largest_gap.xlsx
MTCR_05_06_07/7l-20-75-0.txt,0.5,20,75,largest_gap,gvns,2343.8,comparative_vs_ils_largest_gap.xlsx
MTCR_05_06_07/8l-20-75-0.txt,0.6,20,75,largest_gap,edd,1487.2,comparative_vs_ils_largest_gap.xlsx
MTCR_05_06_07/8l-20-75-0.txt,0.6,20,75,largest_gap,ils,1220.2,comparative_vs_ils_largest_gap.xlsx
MTCR_05_06_07/8l-20-75-0.txt,0.6,20,75,largest_gap,gvns,903.5,comparative_vs_ils_largest_gap.xlsx
MTCR_05_06_07/9l-20-75-0.txt,0.7,20,75,largest_gap,edd,5975.8,comparative_vs_ils_largest_gap.xlsx
MTCR_05_06_07/9l-20-75-0.txt,0.7,20,75,largest_gap,ils,4589.3,comparative_vs_ils_largest_gap.xlsx
MTCR_05_06_07/9l-20-75-0.txt,0.7,20,75,largest_gap,gvns,3453,comparative_vs_ils_largest_gap.xlsx
MTCR_05_06_07/12l-40-45-0.txt,0.5,40,45,largest_gap,edd,327.75,comparative_vs_ils_largest_gap.xlsx
MTCR_05_06_07/12l-40-45-0.txt,0.5,40,45,largest_gap,ils,164.08,comparative_vs_ils_largest_gap.xlsx
MTCR_05_06_07/12l-40-45-0.txt,0.5,40,45,largest_gap,gvns,164.08,comparative_vs_ils_largest_gap.xlsx
MTCR_05_06_07/13l-40-45-0.txt,0.6,40,45,largest_gap,edd,59236,comparative_vs_ils_largest_gap.xlsx
MTCR_05_06_07/13l-40-45-0.txt,0.6,40,45,largest_gap,ils,26949,comparative_vs_ils_largest_gap.xlsx
MTCR_05_06_07/13l-40-45-0.txt,0.6,40,45,largest_gap,gvns,22047,comparative_vs_ils_largest_gap.xlsx
MTCR_05_06_07/14l-40-45-0.txt,0.7,40,45,largest_gap,edd,7021.5,comparative_vs_ils_largest_gap.xlsx
MTCR_05_06_07/14l-40-45-0.txt,0.7,40,45,largest_gap,ils,1519.3,comparative_vs_ils_largest_gap.xlsx
MTCR_05_06_07/14l-40-45-0.txt,0.7,40,45,largest_gap,gvns,703.67,comparative_vs_ils_largest_gap.xlsx
MTCR_05_06_07/17l-40-75-0.txt,0.5,40,75,largest_gap,edd,9694.5,comparative_vs_ils_largest_gap.xlsx
MTCR_05_06_07/17l-40-75-0.txt,0.5,40,75,largest_gap,ils,7121.6,comparative_vs_ils_largest_gap.xlsx
MTCR_05_06_07/17l-40-75-0.txt,0.5,40,75,largest_gap,gvns,5140.7,comparative_vs_ils_largest_gap.xlsx
MTCR_05_06_07/18l-40-75-0.txt,0.6,40,75,largest_gap,edd,3093.2,comparative_vs_ils_largest_gap.xlsx
MTCR_05_06_07/18l-40-75-0.txt,0.6,40,75,largest_gap,ils,2211.3,comparative_vs_ils_largest_gap.xlsx
MTCR_05_06_07/18l-40-75-0.txt,0.6,40,75,largest_gap,gvns,1450.4,comparative_vs_ils_largest_gap.xlsx
MTCR_05_06_07/19l-40-75-0.txt,0.7,40,75,largest_gap,edd,1577.8,comparative_vs_ils_largest_gap.xlsx
MTCR_05_06_07/19l-40-75-0.txt,0.7,40,75,largest_gap,ils,1155.2,comparative_vs_ils_largest_gap.xlsx
MTCR_05_06_07/19l-40-75-0.txt,0.7,40,75,largest_gap,gvns,798.75,comparative_vs_ils_largest_gap.xlsx
MTCR_05_06_07/22l-60-45-0.txt,0.5,60,45,largest_gap,edd,956.58,comparative_vs_ils_largest_gap.xlsx
MTCR_05_06_07/22l-60-45-0.txt,0.5,60,45,largest_gap,ils,792.25,comparative_vs_ils_largest_gap.xlsx
MTCR_05_06_07/22l-60-45-0.txt,0.5,60,45,largest_gap,gvns,629.83,comparative_vs_ils_largest_gap.xlsx
MTCR_05_06_07/23l-60-45-0.txt,0.6,60,45,largest_gap,edd,19875,comparative_vs_ils_largest_gap.xlsx
MTCR_05_06_07/23l-60-45-0.txt,0.6,60,45,largest_gap,ils,10259,comparative_vs_ils_largest_gap.xlsx
MTCR_05_06_07/23l-60-45-0.txt,0.6,60,45,largest_gap,gvns,7856.3,comparative_vs_ils_largest_gap.xlsx
MTCR_05_06_07/24l-60-45-0.txt,0.7,60,45,largest_gap,edd,114250,comparative_vs_ils_largest_gap.xlsx
MTCR_05_06_07/24l-60-45-0.txt,0.7,60,45,largest_gap,ils,26433,comparative_vs_ils_largest_gap.xlsx
MTCR_05_06_07/24l-60-45-0.txt,0.7,60,45,largest_gap,gvns,6550.8,comparative_vs_ils_largest_gap.xlsx
MTCR_05_06_07/27l-60-75-0.txt,0.5,60,75,largest_gap,edd,1043.6,comparative_vs_ils_largest_gap.xlsx
MTCR_05_06_07/27l-60-75-0.txt,0.5,60,75,largest_gap,ils,46.583,comparative_vs_ils_largest_gap.xlsx
MTCR_05_06_07/27l-60-75-0.txt,0.5,60,75,largest_gap,gvns,46.583,comparative_vs_ils_largest_gap.xlsx
MTCR_05_06_07/28l-60-75-0.txt,0.6,60,75,largest_gap,edd,312.75,comparative_vs_ils_largest_gap.xlsx
MTCR_05_06_07/28l-60-75-0.txt,0.6,60,75,largest_gap,ils,0,comparative_vs_ils_largest_gap.xlsx
MTCR_05_06_07/28l-60-75-0.txt,0.6,60,75,largest_gap,gvns,0,comparative_vs_ils_largest_gap.xlsx
MTCR_05_06_07/29l-60-75-0.txt,0.7,60,75,largest_gap,edd,10032,comparative_vs_ils_largest_gap.xlsx
MTCR_05_06_07/29l-60-75-0.txt,0.7,60,75,largest_gap,ils,7832.2,comparative_vs_ils_largest_gap.xlsx
MTCR_05_06_07/29l-60-75-0.txt,0.7,60,75,largest_gap,gvns,4989.4,comparative_vs_ils_largest_gap.xlsx
MTCR_05_06_07/32l-80-45-0.txt,0.5,80,45,largest_gap,edd,648.5,comparative_vs_ils_largest_gap.xlsx
MTCR_05_06_07/32l-80-45-0.txt,0.5,80,45,largest_gap,ils,576.34,comparative_vs_ils_largest_gap.xlsx
MTCR_05_06_07/32l-80-45-0.txt,0.5,80,45,largest_gap,gvns,540.09,comparative_vs_ils_largest_gap.xlsx
MTCR_05_06_07/33l-80-45-0.txt,0.6,80,45,largest_gap,edd,1587.5,comparative_vs_ils_largest_gap.xlsx
MTCR_05_06_07/33l-80-45-0.txt,0.6,80,45,largest_gap,ils,521.91,comparative_vs_ils_largest_gap.xlsx
MTCR_05_06_07/33l-80-45-0.txt,0.6,80,45,largest_gap,gvns,399.83,comparative_vs_ils_largest_gap.xlsx
MTCR_05_06_07/34l-80-45-0.txt,0.7,80,45,largest_gap,edd,319880,comparative_vs_ils_largest_gap.xlsx
MTCR_05_06_07/34l-80-45-0.txt,0.7,80,45,largest_gap,ils,87938,comparative_vs_ils_largest_gap.xlsx
MTCR_05_06_07/34l-80-45-0.txt,0.7,80,45,largest_gap,gvns,58755,comparative_vs_ils_largest_gap.xlsx
MTCR_05_06_07/37l-80-75-0.txt,0.5,80,75,largest_gap,edd,507.59,comparative_vs_ils_largest_gap.xlsx
MTCR_05_06_07/37l-80-75-0.txt,0.5,80,75,largest_gap,ils,370.92,comparative_vs_ils_largest_gap.xlsx
MTCR_05_06_07/37l-80-75-0.txt,0.5,80,75,largest_gap,gvns,200.25,comparative_vs_ils_largest_gap.xlsx
MTCR_05_06_07/38l-80-75-0.txt,0.6,80,75,largest_gap,edd,13890,comparative_vs_ils_largest_gap.xlsx
MTCR_05_06_07/38l-80-75-0.txt,0.6,80,75,largest_gap,ils,6858.7,comparative_vs_ils_largest_gap.xlsx
MTCR_05_06_07/38l-80-75-0.txt,0.6,80,75,largest_gap,gvns,4881.9,comparative_vs_ils_largest_gap.xlsx
MTCR_05_06_07/39l-80-75-0.txt,0.7,80,75,largest_gap,edd,252.5,comparative_vs_ils_largest_gap.xlsx
MTCR_05_06_07/39l-80-75-0.txt,0.7,80,75,largest_gap,ils,0,comparative_vs_ils_largest_gap.xlsx
MTCR_05_06_07/39l-80-75-0.txt,0.7,80,75,largest_gap,gvns,0,comparative_vs_ils_largest_gap.xlsx
MTCR_05_06_07/42s-20-45-0.txt,0.5,20,45,largest_gap,edd,10052,comparative_vs_ils_largest_gap.xlsx
MTCR_05_06_07/42s-20-45-0.txt,0.5,20,45,largest_gap,ils,7083.7,comparative_vs_ils_largest_gap.xlsx
MTCR_05_06_07/42s-20-45-0.txt,0.5,20,45,largest_gap,gvns,6045.4,comparative_vs_ils_largest_gap.xlsx
MTCR_05_06_07/43s-20-45-0.txt,0.6,20,45,largest_gap,edd,1126.5,comparative_vs_ils_largest_gap.xlsx
MTCR_05_06_07/43s-20-45-0.txt,0.6,20,45,largest_gap,ils,716.34,comparative_vs_ils_largest_gap.xlsx
MTCR_05_06_07/43s-20-45-0.txt,0.6,20,45,largest_gap,gvns,632.75,comparative_vs_ils_largest_gap.xlsx
MTCR_05_06_07/44s-20-45-0.txt,0.7,20,45,largest_gap,edd,15100,comparative_vs_ils_largest_gap.xlsx
MTCR_05_06_07/44s-20-45-0.txt,0.7,20,45,largest_gap,ils,5845.9,comparative_vs_ils_largest_gap.xlsx
MTCR_05_06_07/44s-20-45-0.txt,0.7,20,45,largest_gap,gvns,4176.4,comparative_vs_ils_largest_gap.xlsx
MTCR_05_06_07/47s-20-75-0.txt,0.5,20,75,largest_gap,edd,0,comparative_vs_ils_largest_gap.xlsx
MTCR_05_06_07/47s-20-75-0.txt,0.5,20,75,largest_gap,ils,0,comparative_vs_ils_largest_gap.xlsx
MTCR_05_06_07/47s-20-75-0.txt,0.5,20,75,largest_gap,gvns,0,comparative_vs_ils_largest_gap.xlsx
MTCR_05_06_07/48s-20-75-0.txt,0.6,20,75,largest_gap,edd,1773.4,comparative_vs_ils_largest_gap.xlsx
MTCR_05_06_07/48s-20-75-0.txt,0.6,20,75,largest_gap,ils,1306,comparative_vs_ils_largest_gap.xlsx
MTCR_05_06_07/48s-20-75-0.txt,0.6,20,75,largest_gap,gvns,1034,comparative_vs_ils_largest_gap.xlsx
MTCR_05_06_07/49s-20-75-0.txt,0.7,20,75,largest_gap,edd,9956.1,comparative_vs_ils_largest_gap.xlsx
MTCR_05_06_07/49s-20-75-0.txt,0.7,20,75,largest_gap,ils,7247.4,comparative_vs_ils_largest_gap.xlsx
MTCR_05_06_07/49s-20-75-0.txt,0.7,20,75,largest_gap,gvns,6279.1,comparative_vs_ils_largest_gap.xlsx
MTCR_05_06_07/52s-40-45-0.txt,0.5,40,45,largest_gap,edd,4.502,comparative_vs_ils_largest_gap.xlsx
MTCR_05_06_07/52s-40-45-0.txt,0.5,40,45,largest_gap,ils,0,comparative_vs_ils_largest_gap.xlsx
MTCR_05_06_07/52s-40-45-0.txt,0.5,40,45,largest_gap,gvns,0,comparative_vs_ils_largest_gap.xlsx
MTCR_05_06_07/53s-40-45-0.txt,0.6,40,45,largest_gap,edd,19218,comparative_vs_ils_largest_gap.xlsx
MTCR_05_06_07/53s-40-45-0.txt,0.6,40,45,largest_gap,ils,5717.7,comparative_vs_ils_largest_gap.xlsx
MTCR_05_06_07/53s-40-45-0.txt,0.6,40,45,largest_gap,gvns,2616.4,comparative_vs_ils_largest_gap.xlsx
MTCR_05_06_07/54s-40-45-0.txt,0.7,40,45,largest_gap,edd,37032,comparative_vs_ils_largest_gap.xlsx
MTCR_05_06_07/54s-40-45-0.txt,0.7,40,45,largest_gap,ils,7574.7,comparative_vs_ils_largest_gap.xlsx
MTCR_05_06_07/54s-40-45-0.txt,0.7,40,45,largest_gap,gvns,1887.2,comparative_vs_ils_largest_gap.xlsx
MTCR_05_06_07/57s-40-75-0.txt,0.5,40,75,largest_gap,edd,1950.1,comparative_vs_ils_largest_gap.xlsx
MTCR_05_06_07/57s-40-75-0.txt,0.5,40,75,largest_gap,ils,1242.4,comparative_vs_ils_largest_gap.xlsx
MTCR_05_06_07/57s-40-75-0.txt,0.5,40,75,largest_gap,gvns,1142.6,comparative_vs_ils_largest_gap.xlsx
MTCR_05_06_07/58s-40-75-0.txt,0.6,40,75,largest_gap,edd,365.83,comparative_vs_ils_largest_gap.xlsx
MTCR_05_06_07/58s-40-75-0.txt,0.6,40,75,largest_gap,ils,0,comparative_vs_ils_largest_gap.xlsx
MTCR_05_06_07/58s-40-75-0.txt,0.6,40,75,largest_gap,gvns,0,comparative_vs_ils_largest_gap.xlsx
MTCR_05_06_07/59s-40-75-0.txt,0.7,40,75,largest_gap,edd,1391.8,comparative_vs_ils_largest_gap.xlsx
MTCR_05_06_07/59s-40-75-0.txt,0.7,40,75,largest_gap,ils,1391.8,comparative_vs_ils_largest_gap.xlsx
MTCR_05_06_07/59s-40-75-0.txt,0.7,40,75,largest_gap,gvns,1141.8,comparative_vs_ils_largest_gap.xlsx
MTCR_05_06_07/62s-60-45-0.txt,0.5,60,45,largest_gap,edd,0,comparative_vs_ils_largest_gap.xlsx
MTCR_05_06_07/62s-60-45-0.txt,0.5,60,45,largest_gap,ils,0,comparative_vs_ils_largest_gap.xlsx
MTCR_05_06_07/62s-60-45-0.txt,0.5,60,45,largest_gap,gvns,0,comparative_vs_ils_largest_gap.xlsx
MTCR_05_06_07/63s-60-45-0.txt,0.6,60,45,largest_gap,edd,101.5,comparative_vs_ils_largest_gap.xlsx
MTCR_05_06_07/63s-60-45-0.txt,0.6,60,45,largest_gap,ils,0,comparative_vs_ils_largest_gap.xlsx
MTCR_05_06_07/63s-60-45-0.txt,0.6,60,45,largest_gap,gvns,0,comparative_vs_ils_largest_gap.xlsx
MTCR_05_06_07/64s-60-45-0.txt,0.7,60,45,largest_gap,edd,157950,comparative_vs_ils_largest_gap.xlsx
MTCR_05_06_07/64s-60-45-0.txt,0.7,60,45,largest_gap,ils,26078,comparative_vs_ils_largest_gap.xlsx
MTCR_05_06_07/64s-60-45-0.txt,0.7,60,45,largest_gap,gvns,11660,comparative_vs_ils_largest_gap.xlsx
MTCR_05_06_07/67s-60-75-0.txt,0.5,60,75,largest_gap,edd,1005.7,comparative_vs_ils_largest_gap.xlsx
MTCR_05_06_07/67s-60-75-0.txt,0.5,60,75,largest_gap,ils,312,comparative_vs_ils_largest_gap.xlsx
MTCR_05_06_07/67s-60-75-0.txt,0.5,60,75,largest_gap,gvns,257.83,comparative_vs_ils_largest_gap.xlsx
MTCR_05_06_07/68s-60-75-0.txt,0.6,60,75,largest_gap,edd,457.5,comparative_vs_ils_largest_gap.xlsx
MTCR_05_06_07/68s-60-75-0.txt,0.6,60,75,largest_gap,ils,0,comparative_vs_ils_largest_gap.xlsx
MTCR_05_06_07/68s-60-75-0.txt,0.6,60,75,largest_gap,gvns,0,comparative_vs_ils_largest_gap.xlsx
MTCR_05_06_07/69s-60-75-0.txt,0.7,60,75,largest_gap,edd,1451.4,comparative_vs_ils_largest_gap.xlsx
MTCR_05_06_07/69s-60-75-0.txt,0.7,60,75,largest_gap,ils,1368.4,comparative_vs_ils_largest_gap.xlsx
MTCR_05_06_07/69s-60-75-0.txt,0.7,60,75,largest_gap,gvns,1124.8,comparative_vs_ils_largest_gap.xlsx
MTCR_05_06_07/72s-80-45-0.txt,0.5,80,45,largest_gap,edd,24850,comparative_vs_ils_largest_gap.xlsx
MTCR_05_06_07/72s-80-45-0.txt,0.5,80,45,largest_gap,ils,9494.7,comparative_vs_ils_largest_gap.xlsx
MTCR_05_06_07/72s-80-45-0.txt,0.5,80,45,largest_gap,gvns,4690.3,comparative_vs_ils_largest_gap.xlsx
MTCR_05_06_07/73s-80-45-0.txt,0.6,80,45,largest_gap,edd,1412.1,comparative_vs_ils_largest_gap.xlsx
MTCR_05_06_07/73s-80-45-0.txt,0.6,80,45,largest_gap,ils,1038.4,comparative_vs_ils_largest_gap.xlsx
MTCR_05_06_07/73s-80-45-0.txt,0.6,80,45,largest_gap,gvns,875.91,comparative_vs_ils_largest_gap.xlsx
MTCR_05_06_07/74s-80-45-0.txt,0.7,80,45,largest_gap,edd,123580,comparative_vs_ils_largest_gap.xlsx
MTCR_05_06_07/74s-80-45-0.txt,0.7,80,45,largest_gap,ils,13850,comparative_vs_ils_largest_gap.xlsx
MTCR_05_06_07/74s-80-45-0.txt,0.7,80,45,largest_gap,gvns,2224,comparative_vs_ils_largest_gap.xlsx
MTCR_05_06_07/77s-80-75-0.txt,0.5,80,75,largest_gap,edd,380.58,comparative_vs_ils_largest_gap.xlsx
MTCR_05_06_07/77s-80-75-0.txt,0.5,80,75,largest_gap,ils,79.579,comparative_vs_ils_largest_gap.xlsx
MTCR_05_06_07/77s-80-75-0.txt,0.5,80,75,largest_gap,gvns,14.998,comparative_vs_ils_largest_gap.xlsx
MTCR_05_06_07/78s-80-75-0.txt,0.6,80,75,largest_gap,edd,464.25,comparative_vs_ils_largest_gap.xlsx
MTCR_05_06_07/78s-80-75-0.txt,0.6,80,75,largest_gap,ils,0,comparative_vs_ils_largest_gap.xlsx
MTCR_05_06_07/78s-80-75-0.txt,0.6,80,75,largest_gap,gvns,0,comparative_vs_ils_largest_gap.xlsx
MTCR_05_06_07/79s-80-75-0.txt,0.7,80,75,largest_gap,edd,9427.9,comparative_vs_ils_largest_gap.xlsx
MTCR_05_06_07/79s-80-75-0.txt,0.7,80,75,largest_gap,ils,6695.8,comparative_vs_ils_largest_gap.xlsx
MTCR_05_06_07/79s-80-75-0.txt,0.7,80,75,largest_gap,gvns,4053.3,comparative_vs_ils_largest_gap.xlsx
MTCR_055_065_075/1l-20-45-0.txt,0.55,20,45,largest_gap,edd,0,comparative_vs_ils_largest_gap.xlsx
MTCR_055_065_075/1l-20-45-0.txt,0.55,20,45,largest_gap,ils,0,comparative_vs_ils_largest_gap.xlsx
MTCR_055_065_075/1l-20-45-0.txt,0.55,20,45,largest_gap,gvns,0,comparative_vs_ils_largest_gap.xlsx
MTCR_055_065_075/2l-20-45-0.txt,0.65,20,45,largest_gap,edd,4464.2,comparative_vs_ils_largest_gap.xlsx
MTCR_055_065_075/2l-20-45-0.txt,0.65,20,45,largest_gap,ils,781.63,comparative_vs_ils_largest_gap.xlsx
MTCR_055_065_075/2l-20-45-0.txt,0.65,20,45,largest_gap,gvns,0,comparative_vs_ils_largest_gap.xlsx
MTCR_055_065_075/3l-20-45-0.txt,0.75,20,45,largest_gap,edd,22544,comparative_vs_ils_largest_gap.xlsx
MTCR_055_065_075/3l-20-45-0.txt,0.75,20,45,largest_gap,ils,10507,comparative_vs_ils_largest_gap.xlsx
MTCR_055_065_075/3l-20-45-0.txt,0.75,20,45,largest_gap,gvns,8515.5,comparative_vs_ils_largest_gap.xlsx
MTCR_055_065_075/4l-20-75-0.txt,0.55,20,75,largest_gap,edd,0,comparative_vs_ils_largest_gap.xlsx
MTCR_055_065_075/4l-20-75-0.txt,0.55,20,75,largest_gap,ils,0,comparative_vs_ils_largest_gap.xlsx
MTCR_055_065_075/4l-20-75-0.txt,0.55,20,75,largest_gap,gvns,0,comparative_vs_ils_largest_gap.xlsx
MTCR_055_065_075/5l-20-75-0.txt,0.65,20,75,largest_gap,edd,8406.4,comparative_vs_ils_largest_gap.xlsx
MTCR_055_065_075/5l-20-75-0.txt,0.65,20,75,largest_gap,ils,5892.1,comparative_vs_ils_largest_gap.xlsx
MTCR_055_065_075/5l-20-75-0.txt,0.65,20,75,largest_gap,gvns,4400.8,comparative_vs_ils_largest_gap.xlsx
MTCR_055_065_075/6l-20-75-0.txt,0.75,20,75,largest_gap,edd,22378,comparative_vs_ils_largest_gap.xlsx
MTCR_055_065_075/6l-20-75-0.txt,0.75,20,75,largest_gap,ils,14142,comparative_vs_ils_largest_gap.xlsx
MTCR_055_065_075/6l-20-75-0.txt,0.75,20,75,largest_gap,gvns,9582.7,comparative_vs_ils_largest_gap.xlsx
MTCR_055_065_075/7l-40-45-0.txt,0.55,40,45,largest_gap,edd,10768,comparative_vs_ils_largest_gap.xlsx
MTCR_055_065_075/7l-40-45-0.txt,0.55,40,45,largest_gap,ils,2272.1,comparative_vs_ils_largest_gap.xlsx
MTCR_055_065_075/7l-40-45-0.txt,0.55,40,45,largest_gap,gvns,850.06,comparative_vs_ils_largest_gap.xlsx
MTCR_055_065_075/8l-40-45-0.txt,0.65,40,45,largest_gap,edd,33642,comparative_vs_ils_largest_gap.xlsx
MTCR_055_065_075/8l-40-45-0.txt,0.65,40,45,largest_gap,ils,16825,comparative_vs_ils_largest_gap.xlsx
MTCR_055_065_075/8l-40-45-0.txt,0.65,40,45,largest_gap,gvns,12231,comparative_vs_ils_largest_gap.xlsx
MTCR_055_065_075/9l-40-45-0.txt,0.75,40,45,largest_gap,edd,92624,comparative_vs_ils_largest_gap.xlsx
MTCR_055_065_075/9l-40-45-0.txt,0.75,40,45,largest_gap,ils,46406,comparative_vs_ils_largest_gap.xlsx
MTCR_055_065_075/9l-40-45-0.txt,0.75,40,45,largest_gap,gvns,31468,comparative_vs_ils_largest_gap.xlsx
MTCR_055_065_075/10l-40-75-0.txt,0.55,40,75,largest_gap,edd,1520.2,comparative_vs_ils_largest_gap.xlsx
MTCR_055_065_075/10l-40-75-0.txt,0.55,40,75,largest_gap,ils,1059.8,comparative_vs_ils_largest_gap.xlsx
MTCR_055_065_075/10l-40-75-0.txt,0.55,40,75,largest_gap,gvns,901.5,comparative_vs_ils_largest_gap.xlsx
MTCR_055_065_075/11l-40-75-0.txt,0.65,40,75,largest_gap,edd,452.66,comparative_vs_ils_largest_gap.xlsx
MTCR_055_065_075/11l-40-75-0.txt,0.65,40,75,largest_gap,ils,0,comparative_vs_ils_largest_gap.xlsx
MTCR_055_065_075/11l-40-75-0.txt,0.65,40,75,largest_gap,gvns,0,comparative_vs_ils_largest_gap.xlsx
MTCR_055_065_075/12l-40-75-0.txt,0.75,40,75,largest_gap,edd,76527,comparative_vs_ils_largest_gap.xlsx
MTCR_055_065_075/12l-40-75-0.txt,0.75,40,75,largest_gap,ils,32528,comparative_vs_ils_largest_gap.xlsx
MTCR_055_065_075/12l-40-75-0.txt,0.75,40,75,largest_gap,gvns,21007,comparative_vs_ils_largest_gap.xlsx
MTCR_055_065_075/13l-60-45-0.txt,0.55,60,45,largest_gap,edd,11306,comparative_vs_ils_largest_gap.xlsx
MTCR_055_065_075/13l-60-45-0.txt,0.55,60,45,largest_gap,ils,7853.1,comparative_vs_ils_largest_gap.xlsx
MTCR_055_065_075/13l-60-45-0.txt,0.55,60,45,largest_gap,gvns,6688.1,comparative_vs_ils_largest_gap.xlsx
MTCR_055_065_075/14l-60-45-0.txt,0.65,60,45,largest_gap,edd,181900,comparative_vs_ils_largest_gap.xlsx
MTCR_055_065_075/14l-60-45-0.txt,0.65,60,45,largest_gap,ils,70939,comparative_vs_ils_largest_gap.xlsx
MTCR_055_065_075/14l-60-45-0.txt,0.65,60,45,largest_gap,gvns,55314,comparative_vs_ils_largest_gap.xlsx
MTCR_055_065_075/15l-60-45-0.txt,0.75,60,45,largest_gap,edd,165210,comparative_vs_ils_largest_gap.xlsx
MTCR_055_065_075/15l-60-45-0.txt,0.75,60,45,largest_gap,ils,62581,comparative_vs_ils_largest_gap.xlsx
MTCR_055_065_075/15l-60-45-0.txt,0.75,60,45,largest_gap,gvns,42564,comparative_vs_ils_largest_gap.xlsx
MTCR_055_065_075/16l-60-75-0.txt,0.55,60,75,largest_gap,edd,0,comparative_vs_ils_largest_gap.xlsx
MTCR_055_065_075/16l-60-75-0.txt,0.55,60,75,largest_gap,ils,0,comparative_vs_ils_largest_gap.xlsx
MTCR_055_065_075/16l-60-75-0.txt,0.55,60,75,largest_gap,gvns,0,comparative_vs_ils_largest_gap.xlsx
MTCR_055_065_075/17l-60-75-0.txt,0.65,60,75,largest_gap,edd,18870,comparative_vs_ils_largest_gap.xlsx
MTCR_055_065_075/17l-60-75-0.txt,0.65,60,75,largest_gap,ils,13805,comparative_vs_ils_largest_gap.xlsx
MTCR_055_065_075/17l-60-75-0.txt,0.65,60,75,largest_gap,gvns,11501,comparative_vs_ils_largest_gap.xlsx
MTCR_055_065_075/18l-60-75-0.txt,0.75,60,75,largest_gap,edd,21783,comparative_vs_ils_largest_gap.xlsx
MTCR_055_065_075/18l-60-75-0.txt,0.75,60,75,largest_gap,ils,9805.1,comparative_vs_ils_largest_gap.xlsx
MTCR_055_065_075/18l-60-75-0.txt,0.75,60,75,largest_gap,gvns,6121.7,comparative_vs_ils_largest_gap.xlsx
MTCR_055_065_075/19l-80-45-0.txt,0.55,80,45,largest_gap,edd,7038.1,comparative_vs_ils_largest_gap.xlsx
MTCR_055_065_075/19l-80-45-0.txt,0.55,80,45,largest_gap,ils,4970.9,comparative_vs_ils_largest_gap.xlsx
MTCR_055_065_075/19l-80-45-0.txt,0.55,80,45,largest_gap,gvns,3765.3,comparative_vs_ils_largest_gap.xlsx
MTCR_055_065_075/20l-80-45-0.txt,0.65,80,45,largest_gap,edd,78690,comparative_vs_ils_largest_gap.xlsx
MTCR_055_065_075/20l-80-45-0.txt,0.65,80,45,largest_gap,ils,34428,comparative_vs_ils_largest_gap.xlsx
MTCR_055_065_075/20l-80-45-0.txt,0.65,80,45,largest_gap,gvns,27644,comparative_vs_ils_largest_gap.xlsx
MTCR_055_065_075/21l-80-45-0.txt,0.75,80,45,largest_gap,edd,369870,comparative_vs_ils_largest_gap.xlsx
MTCR_055_065_075/21l-80-45-0.txt,0.75,80,45,largest_gap,ils,113840,comparative_vs_ils_largest_gap.xlsx
MTCR_055_065_075/21l-80-45-0.txt,0.75,80,45,largest_gap,gvns,73158,comparative_vs_ils_largest_gap.xlsx
MTCR_055_065_075/22l-80-75-0.txt,0.55,80,75,largest_gap,edd,7683.7,comparative_vs_ils_largest_gap.xlsx
MTCR_055_065_075/22l-80-75-0.txt,0.55,80,75,largest_gap,ils,6019.5,comparative_vs_ils_largest_gap.xlsx
MTCR_055_065_075/22l-80-75-0.txt,0.55,80,75,largest_gap,gvns,4397.8,comparative_vs_ils_largest_gap.xlsx
MTCR_055_065_075/23l-80-75-0.txt,0.65,80,75,largest_gap,edd,1954.8,comparative_vs_ils_largest_gap.xlsx
MTCR_055_065_075/23l-80-75-0.txt,0.65,80,75,largest_gap,ils,695.21,comparative_vs_ils_largest_gap.xlsx
MTCR_055_065_075/23l-80-75-0.txt,0.65,80,75,largest_gap,gvns,308.09,comparative_vs_ils_largest_gap.xlsx
MTCR_055_065_075/24l-80-75-0.txt,0.75,80,75,largest_gap,edd,89590,comparative_vs_ils_largest_gap.xlsx
MTCR_055_065_075/24l-80-75-0.txt,0.75,80,75,largest_gap,ils,24912,comparative_vs_ils_largest_gap.xlsx
MTCR_055_065_075/24l-80-75-0.txt,0.75,80,75,largest_gap,gvns,9238.5,comparative_vs_ils_largest_gap.xlsx
MTCR_055_065_075/25s-20-45-0.txt,0.55,20,45,largest_gap,edd,194.5,comparative_vs_ils_largest_gap.xlsx
MTCR_055_065_075/25s-20-45-0.txt,0.55,20,45,largest_gap,ils,42.331,comparative_vs_ils_largest_gap.xlsx
MTCR_055_065_075/25s-20-45-0.txt,0.55,20,45,largest_gap,gvns,0,comparative_vs_ils_largest_gap.xlsx
MTCR_055_065_075/26s-20-45-0.txt,0.65,20,45,largest_gap,edd,8424.8,comparative_vs_ils_largest_gap.xlsx
MTCR_055_065_075/26s-20-45-0.txt,0.65,20,45,largest_gap,ils,5346,comparative_vs_ils_largest_gap.xlsx
MTCR_055_065_075/26s-20-45-0.txt,0.65,20,45,largest_gap,gvns,4424.8,comparative_vs_ils_largest_gap.xlsx
MTCR_055_065_075/27s-20-45-0.txt,0.75,20,45,largest_gap,edd,43812,comparative_vs_ils_largest_gap.xlsx
MTCR_055_065_075/27s-20-45-0.txt,0.75,20,45,largest_gap,ils,27054,comparative_vs_ils_largest_gap.xlsx
MTCR_055_065_075/27s-20-45-0.txt,0.75,20,45,largest_gap,gvns,23144,comparative_vs_ils_largest_gap.xlsx
MTCR_055_065_075/28s-20-75-0.txt,0.55,20,75,largest_gap,edd,1454.7,comparative_vs_ils_largest_gap.xlsx
MTCR_055_065_075/28s-20-75-0.txt,0.55,20,75,largest_gap,ils,1185.7,comparative_vs_ils_largest_gap.xlsx
MTCR_055_065_075/28s-20-75-0.txt,0.55,20,75,largest_gap,gvns,754.66,comparative_vs_ils_largest_gap.xlsx
MTCR_055_065_075/29s-20-75-0.txt,0.65,20,75,largest_gap,edd,5622.1,comparative_vs_ils_largest_gap.xlsx
MTCR_055_065_075/29s-20-75-0.txt,0.65,20,75,largest_gap,ils,3805.9,comparative_vs_ils_largest_gap.xlsx
MTCR_055_065_075/29s-20-75-0.txt,0.65,20,75,largest_gap,gvns,2955.8,comparative_vs_ils_largest_gap.xlsx
MTCR_055_065_075/30s-20-75-0.txt,0.75,20,75,largest_gap,edd,9407.6,comparative_vs_ils_largest_gap.xlsx
MTCR_055_065_075/30s-20-75-0.txt,0.75,20,75,largest_gap,ils,7813.5,comparative_vs_ils_largest_gap.xlsx
MTCR_055_065_075/30s-20-75-0.txt,0.75,20,75,largest_gap,gvns,6954.3,comparative_vs_ils_largest_gap.xlsx
MTCR_055_065_075/31s-40-45-0.txt,0.55,40,45,largest_gap,edd,2402.3,comparative_vs_ils_largest_gap.xlsx
MTCR_055_065_075/31s-40-45-0.txt,0.55,40,45,largest_gap,ils,2257.7,comparative_vs_ils_largest_gap.xlsx
MTCR_055_065_075/31s-40-45-0.txt,0.55,40,45,largest_gap,gvns,1995.3,comparative_vs_ils_largest_gap.xlsx
MTCR_055_065_075/32s-40-45-0.txt,0.65,40,45,largest_gap,edd,28.415,comparative_vs_ils_largest_gap.xlsx
MTCR_055_065_075/32s-40-45-0.txt,0.65,40,45,largest_gap,ils,0,comparative_vs_ils_largest_gap.xlsx
MTCR_055_065_075/32s-40-45-0.txt,0.65,40,45,largest_gap,gvns,0,comparative_vs_ils_largest_gap.xlsx
MTCR_055_065_075/33s-40-45-0.txt,0.75,40,45,largest_gap,edd,120580,comparative_vs_ils_largest_gap.xlsx
MTCR_055_065_075/33s-40-45-0.txt,0.75,40,45,largest_gap,ils,57561,comparative_vs_ils_largest_gap.xlsx
MTCR_055_065_075/33s-40-45-0.txt,0.75,40,45,largest_gap,gvns,44381,comparative_vs_ils_largest_gap.xlsx
MTCR_055_065_075/34s-40-75-0.txt,0.55,40,75,largest_gap,edd,291.83,comparative_vs_ils_largest_gap.xlsx
MTCR_055_065_075/34s-40-75-0.txt,0.55,40,75,largest_gap,ils,104.83,comparative_vs_ils_largest_gap.xlsx
MTCR_055_065_075/34s-40-75-0.txt,0.55,40,75,largest_gap,gvns,8.998,comparative_vs_ils_largest_gap.xlsx
MTCR_055_065_075/35s-40-75-0.txt,0.65,40,75,largest_gap,edd,383.08,comparative_vs_ils_largest_gap.xlsx
MTCR_055_065_075/35s-40-75-0.txt,0.65,40,75,largest_gap,ils,139.25,comparative_vs_ils_largest_gap.xlsx
MTCR_055_065_075/35s-40-75-0.txt,0.65,40,75,largest_gap,gvns,41,comparative_vs_ils_largest_gap.xlsx
MTCR_055_065_075/36s-40-75-0.txt,0.75,40,75,largest_gap,edd,21726,comparative_vs_ils_largest_gap.xlsx
MTCR_055_065_075/36s-40-75-0.txt,0.75,40,75,largest_gap,ils,11272,comparative_vs_ils_largest_gap.xlsx
MTCR_055_065_075/36s-40-75-0.txt,0.75,40,75,largest_gap,gvns,6550.4,comparative_vs_ils_largest_gap.xlsx
MTCR_055_065_075/37s-60-45-0.txt,0.55,60,45,largest_gap,edd,5935.7,comparative_vs_ils_largest_gap.xlsx
MTCR_055_065_075/37s-60-45-0.txt,0.55,60,45,largest_gap,ils,4123.9,comparative_vs_ils_largest_gap.xlsx
MTCR_055_065_075/37s-60-45-0.txt,0.55,60,45,largest_gap,gvns,3278.6,comparative_vs_ils_largest_gap.xlsx
MTCR_055_065_075/38s-60-45-0.txt,0.65,60,45,largest_gap,edd,138060,comparative_vs_ils_largest_gap.xlsx
MTCR_055_065_075/38s-60-45-0.txt,0.65,60,45,largest_gap,ils,59628,comparative_vs_ils_largest_gap.xlsx
MTCR_055_065_075/38s-60-45-0.txt,0.65,60,45,largest_gap,gvns,50920,comparative_vs_ils_largest_gap.xlsx
MTCR_055_065_075/39s-60-45-0.txt,0.75,60,45,largest_gap,edd,202620,comparative_vs_ils_largest_gap.xlsx
MTCR_055_065_075/39s-60-45-0.txt,0.75,60,45,largest_gap,ils,74558,comparative_vs_ils_largest_gap.xlsx
MTCR_055_065_075/39s-60-45-0.txt,0.75,60,45,largest_gap,gvns,45833,comparative_vs_ils_largest_gap.xlsx
MTCR_055_065_075/40s-60-75-0.txt,0.55,60,75,largest_gap,edd,6026.1,comparative_vs_ils_largest_gap.xlsx
MTCR_055_065_075/40s-60-75-0.txt,0.55,60,75,largest_gap,ils,3952.4,comparative_vs_ils_largest_gap.xlsx
MTCR_055_065_075/40s-60-75-0.txt,0.55,60,75,largest_gap,gvns,2814.9,comparative_vs_ils_largest_gap.xlsx
MTCR_055_065_075/41s-60-75-0.txt,0.65,60,75,largest_gap,edd,379.25,comparative_vs_ils_largest_gap.xlsx
MTCR_055_065_075/41s-60-75-0.txt,0.65,60,75,largest_gap,ils,177.25,comparative_vs_ils_largest_gap.xlsx
MTCR_055_065_075/41s-60-75-0.txt,0.65,60,75,largest_gap,gvns,22.417,comparative_vs_ils_largest_gap.xlsx
MTCR_055_065_075/42s-60-75-0.txt,0.75,60,75,largest_gap,edd,5116.1,comparative_vs_ils_largest_gap.xlsx
MTCR_055_065_075/42s-60-75-0.txt,0.75,60,75,largest_gap,ils,1633.8,comparative_vs_ils_largest_gap.xlsx
MTCR_055_065_075/42s-60-75-0.txt,0.75,60,75,largest_gap,gvns,1226.4,comparative_vs_ils_largest_gap.xlsx
MTCR_055_065_075/43s-80-45-0.txt,0.55,80,45,largest_gap,edd,6496.8,comparative_vs_ils_largest_gap.xlsx
MTCR_055_065_075/43s-80-45-0.txt,0.55,80,45,largest_gap,ils,3311.4,comparative_vs_ils_largest_gap.xlsx
MTCR_055_065_075/43s-80-45-0.txt,0.55,80,45,largest_gap,gvns,1523.8,comparative_vs_ils_largest_gap.xlsx
MTCR_055_065_075/44s-80-45-0.txt,0.65,80,45,largest_gap,edd,67134,comparative_vs_ils_largest_gap.xlsx
MTCR_055_065_075/44s-80-45-0.txt,0.65,80,45,largest_gap,ils,16806,comparative_vs_ils_largest_gap.xlsx
MTCR_055_065_075/44s-80-45-0.txt,0.65,80,45,largest_gap,gvns,11906,comparative_vs_ils_largest_gap.xlsx
MTCR_055_065_075/45s-80-45-0.txt,0.75,80,45,largest_gap,edd,514420,comparative_vs_ils_largest_gap.xlsx
MTCR_055_065_075/45s-80-45-0.txt,0.75,80,45,largest_gap,ils,226760,comparative_vs_ils_largest_gap.xlsx
MTCR_055_065_075/45s-80-45-0.txt,0.75,80,45,largest_gap,gvns,171920,comparative_vs_ils_largest_gap.xlsx
MTCR_055_065_075/46s-80-75-0.txt,0.55,80,75,largest_gap,edd,2245.8,comparative_vs_ils_largest_gap.xlsx
MTCR_055_065_075/46s-80-75-0.txt,0.55,80,75,largest_gap,ils,842.17,comparative_vs_ils_largest_gap.xlsx
MTCR_055_065_075/46s-80-75-0.txt,0.55,80,75,largest_gap,gvns,783.84,comparative_vs_ils_largest_gap.xlsx
MTCR_055_065_075/47s-80-75-0.txt,0.65,80,75,largest_gap,edd,5168.5,comparative_vs_ils_largest_gap.xlsx
MTCR_055_065_075/47s-80-75-0.txt,0.65,80,75,largest_gap,ils,3518.8,comparative_vs_ils_largest_gap.xlsx
MTCR_055_065_075/47s-80-75-0.txt,0.65,80,75,largest_gap,gvns,2806.9,comparative_vs_ils_largest_gap.xlsx
MTCR_055_065_075/48s-80-75-0.txt,0.75,80,75,largest_gap,edd,109050,comparative_vs_ils_largest_gap.xlsx
MTCR_055_065_075/48s-80-75-0.txt,0.75,80,75,largest_gap,ils,30000,comparative_vs_ils_largest_gap.xlsx
MTCR_055_065_075/48s-80-75-0.txt,0.75,80,75,largest_gap,gvns,9542.1,comparative_vs_ils_largest_gap.xlsx
